<?xml version="1.0" encoding="UTF-8"?>
<preferences>
 <debug showDebugMenu="0" />
 <systemtable>
  <columns>
   <connections preferredWidth="47" />
   <irq preferredWidth="34" />
  </columns>
 </systemtable>
 <clocktable>
  <columns>
   <clockname preferredWidth="236" />
   <clocksource preferredWidth="236" />
   <frequency preferredWidth="216" />
  </columns>
 </clocktable>
 <library expandedCategories="Library/PLL,Library/Bridges,Library,Project" />
 <window x="78" y="0" width="1000" height="700" />
</preferences>
