<?xml version="1.0" ?>
<LOG_ROOT>
	<PROJECT NAME="project">
		<CBX_INST_ENTRY INSTANCE_NAME="|project|browser:browser|lpm_mult:Mult0|multcore:mult_core|mpar_add:padder|lpm_add_sub:adder[0]" CBX_FILE_NAME="add_sub_1ch.tdf"/>
		<CBX_INST_ENTRY INSTANCE_NAME="|project|hexdump:hexdump|lpm_mult:Mult0|multcore:mult_core|mpar_add:padder|lpm_add_sub:adder[0]" CBX_FILE_NAME="add_sub_1ch.tdf"/>
		<CBX_INST_ENTRY INSTANCE_NAME="|project|browser:browser|lpm_mult:Mult1|multcore:mult_core|mpar_add:padder|lpm_add_sub:adder[0]" CBX_FILE_NAME="add_sub_1ch.tdf"/>
		<CBX_INST_ENTRY INSTANCE_NAME="|project|hexdump:hexdump|lpm_mult:Mult1|multcore:mult_core|mpar_add:padder|lpm_add_sub:adder[0]" CBX_FILE_NAME="add_sub_1ch.tdf"/>
		<CBX_INST_ENTRY INSTANCE_NAME="|project|ram:RAM|altsyncram:altsyncram_component" CBX_FILE_NAME="altsyncram_r1i1.tdf"/>
		<CBX_INST_ENTRY INSTANCE_NAME="|project|rom:ROM|altsyncram:altsyncram_component" CBX_FILE_NAME="altsyncram_4tc1.tdf"/>
		<CBX_INST_ENTRY INSTANCE_NAME="|project|vga_adapter:VGA|altsyncram:VideoMemory" CBX_FILE_NAME="altsyncram_pqj1.tdf"/>
	</PROJECT>
</LOG_ROOT>
